ID,标题,原始链接,量科链接,来源域名,原始日期,量科日期
262,从可证明到实用：面向问题的DV/CV量子密钥分发经典与机器学习防御综述,https://arxiv.org/abs/2605.27497,http://www.qtc.com.cn/reference/178002530033392.html,arxiv.org,2026-06-01,2026-06-01
261,量子机器学习真的有必要吗？：一项多维实证研究,https://arxiv.org/abs/2605.27923,http://www.qtc.com.cn/reference/178003030033417.html,arxiv.org,2026-06-01,2026-06-01
260,金刚石色心缺陷量子网络：原理、进展与展望,https://arxiv.org/abs/2605.30005,http://www.qtc.com.cn/reference/178027696033525.html,arxiv.org,2026-06-01,2026-06-01
259,地球同步轨道量子密钥分发在有限密钥长度下的可行性,https://arxiv.org/abs/2605.29706,http://www.qtc.com.cn/reference/178028116033546.html,arxiv.org,2026-06-01,2026-06-01
258,水下量子密钥分发协议性能分析：BB84、SARG04 与 BBM92,https://arxiv.org/abs/2605.29513,http://www.qtc.com.cn/reference/178028316033556.html,arxiv.org,2026-06-01,2026-06-01
257,IBM投资10亿美元+10亿CHIPS补贴，成立专注于量子晶圆制造的Anderon公司,http://quantumwire.com/article/17794124096453.html,http://www.qtc.com.cn/article/177960516232888.html,quantumwire.com,2026-06-01,2026-06-01
256,导航、医疗与科学的变革者：量子传感器如何感知最微弱的运动与磁场,http://quantumwire.com/article/17796145326482.html,http://www.qtc.com.cn/article/177969036733000.html,quantumwire.com,2026-06-01,2026-06-01
255,SEALSQ的后量子安全芯片QS7001获NIST熵源验证证书,https://www.globenewswire.com/news-release/2026/05/28/3302842/0/en/sealsq-s-qs7001-post-quantum-secure-element-achieves-nist-sp-800-90b-entropy-source-validation-key-milestone-toward-fips-140-3-and-common-criteria-eal5-certification.html,http://www.qtc.com.cn/flash/178027390033495.html,www.globenewswire.com,2026-05-28,2026-06-01
254,BMRT实现不靠雷达红外等传统方法的探测技术，能精准锁定携带炸药材料的无人机,https://www.prnewswire.com/news-releases/base-molecular-resonance-technologies-announces-detection-breakthrough-involving-drone-carried-explosive-material-302784416.html,http://www.qtc.com.cn/flash/178027490033496.html,www.prnewswire.com,2026-05-28,2026-06-01
253,Q-CTRL新白皮书预计：2027至2029年量子计算或将赋能国防后勤领域,https://www.hpcwire.com/off-the-wire/q-ctrl-white-paper-sees-quantum-advantage-for-defense-logistics-emerging-by-2027/,http://www.qtc.com.cn/flash/178027690033497.html,www.hpcwire.com,2026-06-01,2026-06-01
252,850万欧元打造！EuroQCS-Spain量子计算机落地巴塞罗那超算中心,https://www.eurohpc-ju.europa.eu/eurohpc-ju-inaugurates-euroqcs-spain-barcelona-2026-05-28_en,http://www.qtc.com.cn/flash/178027790033498.html,www.eurohpc-ju.europa.eu,2026-05-28,2026-06-01
251,鸽子如何导航研究获进展，肝脏内的巨噬细胞竟是“磁场感应器”,https://www.ab.mpg.de/944599/news_publication_26511515_transferred,http://www.qtc.com.cn/flash/178027890033499.html,www.ab.mpg.de,2026-06-01,2026-06-01
250,电控微型非线性光源问世，有望革新量子通信、传感与计算技术,https://news.emory.edu/features/2026/05/esc_new_control_nanoscale_light_28-05-2026/index.html,http://www.qtc.com.cn/flash/178027990033500.html,news.emory.edu,2026-06-01,2026-06-01
249,物理学家借助量子纠缠提出用于理解化学键的新框架,https://www.lmu.de/en/newsroom/news-overview/news/quantum-physics-a-matter-of-bonding-358e7fe1.html,http://www.qtc.com.cn/flash/178028090033501.html,www.lmu.de,2026-06-01,2026-06-01
248,大阪大学制备的钴蜂窝状磁性薄膜或催生低成本量子计算技术,https://www.sanken.osaka-u.ac.jp/en/achievement/release/20260528.html,http://www.qtc.com.cn/flash/178028190033502.html,www.sanken.osaka-u.ac.jp,2026-06-01,2026-06-01
247,MIT联手马萨诸塞州政府，斥资2500万美元打造量子系统实验室,https://news.mit.edu/2026/new-laboratory-aims-to-advance-quantum-research-nation-0528,http://www.qtc.com.cn/flash/178028290033503.html,news.mit.edu,2026-06-01,2026-06-01
246,CSIRO与合作者联合发布量子计算赋能能源系统管理路线图,https://www.csiro.au/en/news/All/Articles/2026/May/Quantum-computing-could-supercharge-the-energy-transition,http://www.qtc.com.cn/flash/178028390033504.html,www.csiro.au,2026-06-01,2026-06-01
245,英国量子生物医学中心获90万英镑资助，将推动量子传感应用在临床医疗领域,https://quantumcomputingreport.com/uk-quantum-biomedical-hub-secures-902000-1-2-million-usd-allocation-to-develop-clinical-sensing-and-imaging-hardware/,http://www.qtc.com.cn/flash/178028472033618.html,quantumcomputingreport.com,2026-05-30,2026-06-01
244,南京大学与合作团队实现范德华反铁磁材料中拓扑磁结构的观测与调控,https://vlssm.nju.edu.cn/b9/9e/c22712a833950/page.htm,http://www.qtc.com.cn/article/178028472433614.html,vlssm.nju.edu.cn,2026-06-01,2026-06-01
243,新型量子传感技术能通过检测金刚石缺陷的微小扰动来识别交错磁体,https://phys.org/news/2026-05-diamond-quantum-sensor-reveal-elusive.html,http://www.qtc.com.cn/flash/178028572033619.html,phys.org,2026-05-31,2026-06-01
242,北京量子院量子操作系统软件研发团队在中性原子量子计算编译研究中取得重要进展,https://ieeexplore.ieee.org/document/11535023,http://www.qtc.com.cn/article/178028592433615.html,ieeexplore.ieee.org,2026-06-01,2026-06-01
241,我国科学家利用量子光将超快激光性能实现二十倍突破,https://phys.org/news/2026-05-quantum-boost-ultrafast-laser.html,http://www.qtc.com.cn/flash/178028672033620.html,phys.org,2026-06-01,2026-06-01
240,澳大利亚与国际研究人员合作发表量子计算在能源领域的发展路线图,https://www.csiro.au/en/news/All/Articles/2026/May/Quantum-computing-could-supercharge-the-energy-transition,http://www.qtc.com.cn/article/178020870733461.html,www.csiro.au,2026-05-31,2026-05-31
239,麻省理工学院计划新建量子系统实验室，以加速下一代量子技术发展,https://news.mit.edu/2026/new-laboratory-aims-to-advance-quantum-research-nation-0528,http://www.qtc.com.cn/article/178021032733462.html,news.mit.edu,2026-05-28,2026-05-31
238,大阪大学研究人员设计的钴蜂巢结构有望推动量子计算进步,https://www.sanken.osaka-u.ac.jp/en/achievement/release/20260528.html,http://www.qtc.com.cn/article/178021224733463.html,www.sanken.osaka-u.ac.jp,2026-05-28,2026-05-31
237,Q-CTRL发布白皮书：预计到2027年将为国防物流领域带来量子优势,https://q-ctrl.com/blog/q-ctrl-defines-the-path-to-quantum-battlefield-information-dominance-for-core-military-problems-in-promising-new-outlook,http://www.qtc.com.cn/article/178021284733468.html,q-ctrl.com,2026-05-28,2026-05-31
236,物理学家发现一种在纳米尺度更好控制光的新方法,https://news.emory.edu/features/2026/05/esc_new_control_nanoscale_light_28-05-2026/index.html,http://www.qtc.com.cn/article/178021404033465.html,news.emory.edu,2026-05-31,2026-05-31
235,科学家开发新框架以通过量子纠缠理解化学键科学家开发新框架以通过量子纠缠理解化学键,https://www.lmu.de/en/newsroom/news-overview/news/quantum-physics-a-matter-of-bonding-358e7fe1.html,http://www.qtc.com.cn/article/178021584033464.html,www.lmu.de,2026-05-31,2026-05-31
234,IBM将量子计算机“送进”课堂，一年期学生账号每月可白嫖10分钟,https://www.ibm.com/quantum/blog/classroom-accounts,http://www.qtc.com.cn/flash/178020846033480.html,www.ibm.com,2026-05-31,2026-05-31
233,AISA警告：政府和关键基础设施组织严重低估量子计算带来的网络安全风险,https://itbrief.com.au/story/australia-warned-over-quantum-cyber-security-risks,http://www.qtc.com.cn/flash/178021046033482.html,itbrief.com.au,2026-05-29,2026-05-31
232,我国研究人员利用超冷原子成功实验生成大规模薛定谔猫态,https://phys.org/news/2026-05-generation-massive-schrdinger-cat-states.html,http://www.qtc.com.cn/flash/178021146033483.html,phys.org,2026-05-31,2026-05-31
231,研究人员设计出量子版本的摆钟，能自主运行且比以往技术更精准,https://phys.org/news/2026-05-quantum-pendulum-clock-classical-accuracy.html,http://www.qtc.com.cn/flash/178021246033484.html,phys.org,2026-05-31,2026-05-31
230,富士康计划在2027年推出5至10比特量子计算原型机，2030年实现商业化,https://thequantuminsider.com/2026/05/29/foxconn-expects-quantum-commercialization-in-2030/,http://www.qtc.com.cn/flash/178021346033485.html,thequantuminsider.com,2026-05-29,2026-05-31
229,西班牙研究人员设计的超导纳米器件可呈现量子霍尔效应特征,https://phys.org/news/2026-05-topological-states-emerge-quantum-hall.html,http://www.qtc.com.cn/flash/178021446033486.html,phys.org,2026-05-31,2026-05-31
228,印度科学研究所成立创新与创业中心，助力量子及深科技初创企业成长,https://www.newsbytesapp.com/news/science/iisc-opens-wadhwani-centre-to-support-quantum-and-deep-tech-startups/tldr,http://www.qtc.com.cn/flash/178021546033487.html,www.newsbytesapp.com,2026-05-29,2026-05-31
227,IBM未来五年将向量子计算投资超100亿美元，2029年实现大规模容错量子计算,https://thequantuminsider.com/2026/05/28/ibm-plans-10-billion-quantum-push-as-efforts-to-commercialize-quantum-intensifies/,http://www.qtc.com.cn/flash/178020946033481.html,thequantuminsider.com,2026-05-28,2026-05-31
226,PsiQuantum亚太测试与验证实验室在格里菲斯大学正式启用,https://news.griffith.edu.au/2026/05/27/cutting-edge-quantum-lab-launches-at-griffith/,http://www.qtc.com.cn/flash/178011606033449.html,news.griffith.edu.au,2026-05-27,2026-05-30
225,D-Wave正面驳斥：量子优越性演示未被推翻，相关经典模拟研究存在局限,https://www.dwavequantum.com/company/newsroom/press-release/d-wave-s-quantum-supremacy-result-stands/,http://www.qtc.com.cn/flash/178011702033450.html,www.dwavequantum.com,2026-05-30,2026-05-30
224,太赫兹波赋能量子密钥分发：格拉斯哥大学为量子互联网安全通信开辟新路径,https://www.gla.ac.uk/news/headline_1267277_en.html,http://www.qtc.com.cn/flash/178011804033451.html,www.gla.ac.uk,2026-05-30,2026-05-30
223,揭示超导猫量子比特量子计算中的能量优势,https://arxiv.org/abs/2605.19854,http://www.qtc.com.cn/reference/177933048032712.html,arxiv.org,2026-06-01,2026-05-29
222,构建欧洲量子盾牌：全大陆量子密钥分配（QKD）基础设施的战略视角,https://arxiv.org/abs/2605.22332,http://www.qtc.com.cn/reference/177976566432993.html,arxiv.org,2026-06-01,2026-05-29
221,面向公用事业规模的多输出时间序列预测的混合量子-经典机器学习算法,https://arxiv.org/abs/2605.24252,http://www.qtc.com.cn/reference/177980160033165.html,arxiv.org,2026-06-01,2026-05-29
220,耗散猫量子比特中的比特翻转、饱和与量子混沌,https://arxiv.org/abs/2605.24100,http://www.qtc.com.cn/reference/177980382033176.html,arxiv.org,2026-06-01,2026-05-29
219,日本滨松光子学公司将在新加坡设立子公司以加强东南亚市场布局,https://www.hamamatsu.com/us/en/news/announcements/2026/20260526000000.html,http://www.qtc.com.cn/flash/178001370033326.html,www.hamamatsu.com,2026-05-29,2026-05-29
218,Bitcoin Cash社区激活Layla升级 已加入后量子安全支持,http://www.qtc.com.cn/flash/178001466033327.html,http://www.qtc.com.cn/flash/178001466033327.html,,2026-05-29,2026-05-29
217,霍尼韦尔向英国最大室内光学设施交付一台可移动式地面光学站,https://www.satelliteevolution.com/post/honeywell-ground-optical-station-to-support-research-at-new-uk-quantum-space-optics-lab,http://www.qtc.com.cn/flash/178001568033328.html,www.satelliteevolution.com,2026-05-26,2026-05-29
216,IBM 2026年Qiskit全球暑期学校现已开放注册,https://www.ibm.com/quantum/blog/qiskit-summer-school-2026,http://www.qtc.com.cn/flash/178001868033330.html,www.ibm.com,2026-05-29,2026-05-29
215,科学家在优化超导材料方面取得进展，新型缺陷识别将助力开发更低噪声量子器件,https://www.energy.gov/science/hep/articles/spotting-new-culprit-hunt-quantum-noise,http://www.qtc.com.cn/flash/178001970033331.html,www.energy.gov,2026-05-28,2026-05-29
214,北京量子院团队提出ZAP方案，可破解中性原子量子芯片原子搬运与串扰控制等难题,https://www.baqis.ac.cn/news/detail/?cid=4688,http://www.qtc.com.cn/flash/178002066033332.html,www.baqis.ac.cn,2026-05-29,2026-05-29
213,Quantum Machines实现7天冷启动Rigetti量子处理器，且性能达到官方调控水平,https://www.quantum-machines.co/blog/rigetti-novera-99-5-fidelity-opx1000/,http://www.qtc.com.cn/flash/178002168033333.html,www.quantum-machines.co,2026-05-27,2026-05-29
212,科学家将单个原子“钉”在光子谐振器旁，成功解决中性原子与集成光子学相结合难题,https://thequantuminsider.com/2026/05/27/researchers-trap-a-single-atom-on-a-photonic-chip-opening-a-route-to-integrated-quantum-optics/,http://www.qtc.com.cn/flash/178002270033334.html,thequantuminsider.com,2026-05-27,2026-05-29
211,曼彻斯特大学衍生公司Imperagen完成500万英镑种子轮融资,https://thequantuminsider.com/2026/05/27/manchester-spinout-imperagen-raises-5m-in-seed-funding-to-deploy-quantum-physics-ai-modelling-and-automated-labs-for-enzyme-engineering/,http://www.qtc.com.cn/flash/178002366033335.html,thequantuminsider.com,2026-05-27,2026-05-29
210,甲骨文与Classiq合作完成由AI驱动的量子代码生成与大规模仿真验证,https://quantumcomputingreport.com/oracle-and-classiq-integrate-quantum-ai-agents-with-oci-for-36-qubit-portfolio-optimization-hpc-simulation/,http://www.qtc.com.cn/flash/178002468033336.html,quantumcomputingreport.com,2026-05-27,2026-05-29
209,德国政府发布新版量子路线图：从研发转向产业规模化,https://qbn.world/german-government-unveils-quantum-technologies-roadmap-for-its-hightech-agenda/,http://www.qtc.com.cn/flash/178002570033337.html,qbn.world,2026-05-26,2026-05-29
208,巴西推进Quandanga量子通信网络项目，将建首个永久性实验基础设施,https://www.telecompaper.com/news/brazil-plans-development-of-quantum-communication-network--1572267,http://www.qtc.com.cn/flash/178002666033338.html,www.telecompaper.com,2026-05-27,2026-05-29
207,Quantinuum提交IPO申请，估值127亿美元，计划募资10.5亿美元,https://thequantuminsider.com/2026/05/26/honeywell-backed-quantinuum-files-for-landmark-quantum-ipo/,http://www.qtc.com.cn/flash/178001760033329.html,thequantuminsider.com,2026-05-26,2026-05-29
206,中性原子量子计算公司Pasqal拟借壳上市，已提交业务合并注册声明,https://www.globenewswire.com/news-release/2026/05/26/3301476/0/en/pasqal-and-bleichroeder-acquisition-corp-ii-announce-filing-of-registration-statement-on-form-f-4-in-connection-with-proposed-business-combination.html,http://www.qtc.com.cn/article/177993858233293.html,www.globenewswire.com,2026-05-26,2026-05-28
204,Pasqal已与特殊目的收购公司联合向美国证券交易委员会提交F-4表格注册声明,http://quantumwire.com/article/17798528886506.html,http://www.qtc.com.cn/flash/177992736033316.html,quantumwire.com,2026-05-28,2026-05-28
203,Qubic与Quantum Machines签署合同，其低温放大器迎来首个客户,http://quantumwire.com/article/17798524656505.html,http://www.qtc.com.cn/flash/177992836033317.html,quantumwire.com,2026-05-28,2026-05-28
202,GlobalPlatform推出集成了后量子密码技术的开源硅芯片分发方案,http://quantumwire.com/article/17798511496503.html,http://www.qtc.com.cn/flash/177993036033318.html,quantumwire.com,2026-05-28,2026-05-28
201,D-Wave获NORDTECH第二年项目资金支持，将推动超导量子比特材料制造升级,http://quantumwire.com/article/17798500716502.html,http://www.qtc.com.cn/flash/177993136033319.html,quantumwire.com,2026-05-28,2026-05-28
200,QuantumCT联合康涅狄格大学与耶鲁大学启动新一阶段试点项目以推动量子创新,http://quantumwire.com/article/17798495246501.html,http://www.qtc.com.cn/flash/177993236033320.html,quantumwire.com,2026-05-28,2026-05-28
199,ORCA Computing与Digital Realty合作，探索量子加速与AI基础设施融合,http://quantumwire.com/article/17798461726499.html,http://www.qtc.com.cn/flash/177993336033321.html,quantumwire.com,2026-05-28,2026-05-28
198,莫纳什大学开发的纳米电路可在单一芯片上实现光信息生成、引导与读取,http://quantumwire.com/article/17798458856498.html,http://www.qtc.com.cn/flash/177993436033322.html,quantumwire.com,2026-05-28,2026-05-28
197,Telia Finland与QMill联合开发面向移动网络的量子增强消息加密技术,http://quantumwire.com/article/17798452466496.html,http://www.qtc.com.cn/flash/177993536033323.html,quantumwire.com,2026-05-28,2026-05-28
196,Synergy Quantum宣布推出面向移动通信的量子安全安卓操作系统,http://quantumwire.com/article/17798438196494.html,http://www.qtc.com.cn/flash/177993636033324.html,quantumwire.com,2026-05-28,2026-05-28
195,波兰波兹南理工大学部署首台本地型量子计算机，欲推动量子教学与科研发展,http://quantumwire.com/article/17798424146491.html,http://www.qtc.com.cn/flash/177993736033325.html,quantumwire.com,2026-05-28,2026-05-28
194,芬兰量子算法初创公司Quanscient宣布完成1000万欧元A轮融资,http://quanscient.com/news/quanscient-raises-10m-leads-the-shift-to-quantum-and-ai-native-hardware-engineering,http://www.qtc.com.cn/flash/177984096033214.html,quanscient.com,2026-05-26,2026-05-27
193,美国科学家开发的新型声学器件可简化量子传感器设计,https://www.caltech.edu/about/news/tuning-into-quantum-sounds,http://www.qtc.com.cn/flash/177984196033215.html,www.caltech.edu,2026-05-27,2026-05-27
192,SeQure Quantum成功在智利部署一条量子安全通信链路,https://thequantuminsider.com/2026/05/25/sequre-quantum-the-first-quantum-safe-link-in-critical-electrical-infrastructure-in-chile/,http://www.qtc.com.cn/flash/177984296033216.html,thequantuminsider.com,2026-05-25,2026-05-27
191,日本科学家发现将分子与量子点组合可显著提升太阳能电池效率,https://phys.org/news/2026-05-supercharging-solar-cells-quantum-dot.html,http://www.qtc.com.cn/flash/177984396033217.html,phys.org,2026-05-27,2026-05-27
190,拉西瑞亚大学与enQase正合作推进量子安全基础设施部署,https://thequantuminsider.com/2026/05/26/la-sierra-university-launches-quantum-secure-pilot-to-protect-data/,http://www.qtc.com.cn/flash/177984496033218.html,thequantuminsider.com,2026-05-26,2026-05-27
189,罗马尼亚将投资超1亿欧元部署该国首台量子计算机,https://thequantuminsider.com/2026/05/26/romania-plans-e100-million-quantum-computer-project-in-iasi/,http://www.qtc.com.cn/flash/177984596033219.html,thequantuminsider.com,2026-05-26,2026-05-27
188,Terra Quantum将以35亿美元估值通过SPAC方式上市,https://www.prnewswire.com/news-releases/terra-quantum-and-axiom-intelligence-acquisition-corp-1-announce-definitive-business-combination-agreement-at-a-3-5-billion-equity-valuation-302781704.html,http://www.qtc.com.cn/flash/177984660033223.html,www.prnewswire.com,2026-05-26,2026-05-27
187,英国量子计算初创公司Universal Quantum受到多家SPAC公司关注,https://thequantuminsider.com/2026/05/26/uk-quantum-startup-draws-interest-from-u-s-spacs-the-telegraph-reports/,http://www.qtc.com.cn/flash/177984796033221.html,thequantuminsider.com,2026-05-26,2026-05-27
186,BitGo将与Silence Laboratories共同开发量子安全的MPC钱包基础设施,https://www.businesswire.com/news/home/20260526229210/en/BitGo-and-Silence-Laboratories-Complete-First-Post-Quantum-MPC-Transaction-Simulation-by-a-Regulated-Custodian,http://www.qtc.com.cn/flash/177984896033222.html,www.businesswire.com,2026-05-27,2026-05-27
185,网络安全公司Genience宣布进军量子安全市场,https://thequantuminsider.com/2026/05/26/genience-enters-4-7-trillion-won-quantum-security-market/,http://www.qtc.com.cn/flash/177985020033220.html,thequantuminsider.com,2026-05-26,2026-05-27
184,ESL Shipping与QMill将合作探索量子计算在复杂航运决策领域的应用潜力,https://qmill.com/en/press-release-esl-shipping-and-qmill-explore-quantum-computing,http://www.qtc.com.cn/flash/177985096033224.html,qmill.com,2026-05-27,2026-05-27
183,北京量子院研究团队利用生成式AI实现连续原生门量子线路的混合扩散-优化合成,https://iopscience.iop.org/article/10.1088/1402-4896/ae6a4a,http://www.qtc.com.cn/article/177976380233088.html,iopscience.iop.org,2026-05-26,2026-05-26
182,印度储备银行新设Q-SAFE八人专家组，以全面评估量子威胁与加密转型,https://www.thehindubusinessline.com/money-and-banking/rbi-launches-q-safe-panel-to-study-quantum-technology-in-banking/article71020966.ece,http://www.qtc.com.cn/flash/177976418033094.html,www.thehindubusinessline.com,2026-05-25,2026-05-26
181,Scaleway与QbitSoft联手推出欧洲首个云原生量子采用计划,https://www.scaleway.com/en/news/scaleway-and-qbitsoft-launch-europes-first-cloud-native-quantum-adoption-program/,http://www.qtc.com.cn/flash/177976518033093.html,www.scaleway.com,2026-05-22,2026-05-26
180,浙江大学量子物态与器件研究中心：耗散塑造响应,https://journals.aps.org/prl/abstract/10.1103/rbck-mt1k,http://www.qtc.com.cn/article/177976594733086.html,journals.aps.org,2026-05-26,2026-05-26
179,印度量子安全技术初创公司Pramatra Space获得种子前融资,https://thequantuminsider.com/2026/05/25/quantum-security-venture-pramatra-space-raises-pre-seed-funding/,http://www.qtc.com.cn/flash/177976618033092.html,thequantuminsider.com,2026-05-25,2026-05-26
178,南京大学邹欣晔和程建春课题组实现轨道诱导的三维ℤ分类高阶拓扑绝缘体,https://journals.aps.org/prl/abstract/10.1103/74kx-xg78,http://www.qtc.com.cn/article/177976716733087.html,journals.aps.org,2026-05-26,2026-05-26
177,普林斯顿大学推出AI机器人实验室系统可实现石墨烯与量子材料自主制备,https://thequantuminsider.com/2026/05/25/ai-run-robot-lab-creates-graphene-and-builds-quantum-devices/,http://www.qtc.com.cn/flash/177976718033091.html,thequantuminsider.com,2026-05-25,2026-05-26
176,Quantum Midi Posse在IBM硬件上完成一项基准测试，成功验证其QSCE框架,https://thequantuminsider.com/2026/05/24/quantum-midi-posse-reports-96-qubit-structured-output-benchmark-on-ibm-hardware/,http://www.qtc.com.cn/flash/177976818033090.html,thequantuminsider.com,2026-05-24,2026-05-26
175,量子投资基金Ground State Ventures将一名投资总监提升为合伙人,https://thequantuminsider.com/2026/05/20/quantum-tech-vc-firm-ground-state-ventures-promotes-kris-kaczmarek-to-partner/,http://www.qtc.com.cn/flash/177975450732967.html,thequantuminsider.com,2026-05-20,2026-05-26
174,新加坡出台一系列新举措，助力企业应对AI革命与量子威胁双重挑战,https://www.telecompaper.com/news/singapore-expands-quantum-safe-telecom-infrastructure-plans-enterprise-ai-initiatives--1571874,http://www.qtc.com.cn/flash/177975516732974.html,www.telecompaper.com,2026-05-22,2026-05-26
173,从障碍到资源：卡尔斯鲁厄理工学院首次实现对超导体磁涡旋进行量子控制,https://www.kit.edu/kit/english/pi_2026_046_once-a-disruption-now-a-resource-superconducting-vortices-used-as-qubits.php,http://www.qtc.com.cn/flash/177975696732987.html,www.kit.edu,2026-05-26,2026-05-26
172,加拿大资助555万加元发起两项量子挑战，聚焦北极光学地面站与远距离量子中继,https://thequantuminsider.com/2026/05/23/canada-opens-5-5-million-quantum-networking-challenge-to-advance-quantum-repeaters/,http://www.qtc.com.cn/flash/177975780032972.html,thequantuminsider.com,2026-05-23,2026-05-26
171,研究人员利用经典计算机成功求解被认为不可能完成的复杂量子物理问题,https://www.simonsfoundation.org/2026/05/21/quantum-dynamics-breakthrough-overturns-claim-of-quantum-supremacy-opens-new-research-directions/,http://www.qtc.com.cn/flash/177975876732975.html,www.simonsfoundation.org,2026-05-21,2026-05-26
170,OIST新研究重新定义自旋玻璃，为量子自旋液体提供了更稳健研究路径,https://www.oist.jp/news-center/news/2026/5/21/complete-evolution-spin-glass-order-chaos,http://www.qtc.com.cn/flash/177976002832976.html,www.oist.jp,2026-05-22,2026-05-26
169,德国科学家成功实现对有机分子进行单分子级的量子调控,https://thequantuminsider.com/2026/05/20/molecular-qubit-achieves-single-photon-quantum-control/,http://www.qtc.com.cn/flash/177976224732968.html,thequantuminsider.com,2026-05-20,2026-05-26
168,Crypto4A正式发布量子安全密钥管理平台QxVault,https://www.prnewswire.com/news-releases/crypto4a-announces-general-availability-of-qxvault-a-quantum-safe-secrets-management-platform-built-for-simplicity-sovereignty-and-scale-302780466.html,http://www.qtc.com.cn/flash/177976318033095.html,www.prnewswire.com,2026-05-25,2026-05-26
167,法国重金押注未来：马克龙宣布追加10亿欧元发展量子技术,https://www.france24.com/en/live-news/20260522-france-announces-billion-euro-boost-for-quantum-computing,http://www.qtc.com.cn/flash/177976086433085.html,www.france24.com,2026-05-22,2026-05-26
166,Rigetti采购牛津仪器的原子层蚀刻系统，以提升其量子晶圆厂制造能力,https://www.oxinst.com/news/oxford-instruments-to-supply-atomic-layer-etch-equipment-to-rigetti-computing-to-expand-advanced-quantum-fabrication-capabilities/,http://www.qtc.com.cn/flash/177967014732981.html,www.oxinst.com,2026-05-25,2026-05-25
165,Arqit公布新财务业绩：营收仅62.3万美元，月均运营支出降至260万,https://www.globenewswire.com/news-release/2026/05/21/3299277/0/en/arqit-quantum-inc-announces-financial-results-for-first-half-of-fiscal-year-2026.html,http://www.qtc.com.cn/flash/177967164832980.html,www.globenewswire.com,2026-05-21,2026-05-25
164,Aegiq启用英国新总部，计划投数百万英镑打造光子量子计算卓越中心,https://quantumzeitgeist.com/aegiq-plans-multi-million-pound/,http://www.qtc.com.cn/flash/177967248732973.html,quantumzeitgeist.com,2026-05-20,2026-05-25
163,SBQuantum获400万加元种子轮融资，加速金刚石量子磁力计商业化,https://sbquantum.com/seed_sbq/,http://www.qtc.com.cn/flash/177967290732977.html,sbquantum.com,2026-05-25,2026-05-25
162,WISER与弗劳恩霍夫的新联合研究探索了量子机器学习在异常检测中的应用,https://www.itwm.fraunhofer.de/en/press-publications/press-releases/2026/2026_05_19_WISER_EN.html,http://www.qtc.com.cn/flash/177967392732971.html,www.itwm.fraunhofer.de,2026-05-20,2026-05-25
161,科学家化障碍为利器：散射介质可变身为量子信息安全传输新组件,https://www.lkb.fr/en/the-quantum-key-to-seeing-through-chaos/,http://www.qtc.com.cn/flash/177967488732986.html,www.lkb.fr,2026-05-20,2026-05-25
160,QuiX发布光子组装控制单元 可降低光量子系统复杂度并提升集成与维护效率,https://thequantuminsider.com/2026/05/21/quix-quantum-introduces-pacu-a-photonic-assembly-control-unit-for-scalable-quantum-systems/,http://www.qtc.com.cn/flash/177967596732969.html,thequantuminsider.com,2026-05-21,2026-05-25
159,南卡罗来纳大学力邀前NASA及国土安全部专家，以加速量子信息技术布局,https://thequantuminsider.com/2026/05/21/university-of-south-carolina-establishes-national-level-quantum-senior-external-advisors-to-strengthen-research-and-education/,http://www.qtc.com.cn/flash/177967650532970.html,thequantuminsider.com,2026-05-21,2026-05-25
158,金刚石超导机制获新解：美研究人员为开发多功能量子芯片奠定了基础,https://pme.uchicago.edu/news/designer-superconducting-diamond-researchers-uncover-path-multi-modality-quantum-chips,http://www.qtc.com.cn/flash/177967732832984.html,pme.uchicago.edu,2026-05-22,2026-05-25
157,法国量子计算初创公司Alice & Bob获得英伟达风投部门投资,https://www.hpcwire.com/off-the-wire/alice-bob-expands-e100m-series-b-with-investment-from-nvidias-nventures/,http://www.qtc.com.cn/flash/177967878432982.html,www.hpcwire.com,2026-05-25,2026-05-25
156,华东师大团队《自然》发文：量子增强电子隧穿,https://www.ecnu.edu.cn/info/1094/72306.htm,http://www.qtc.com.cn/article/177967949732996.html,www.ecnu.edu.cn,2026-05-25,2026-05-25
155,美国伊利诺伊州发布该州首份量子教育全景报告,https://iqmp.org/news/first-of-its-kind-report-positions-illinois-as-national-leader-in-quantum-workforce-development/,http://www.qtc.com.cn/flash/177967998432979.html,iqmp.org,2026-05-25,2026-05-25
154,SBQuantum获得加拿大国防部两份价值300万加元的量子磁力计合同,https://www.einpresswire.com/article/913857794/sbquantum-announces-two-new-contracts-with-canada-s-department-of-national-defence-totaling-3-million?n=2,http://www.qtc.com.cn/flash/177968052232978.html,www.einpresswire.com,2026-05-21,2026-05-25
153,中国科大发现镍基高温超导机制的重要实验证据,https://www.nature.com/articles/s41586-025-08755-z,http://www.qtc.com.cn/article/177968070732997.html,www.nature.com,2025-02-17,2026-05-25
152,超导量子整机研发企业上海矩量光启获2亿元天使轮融资,https://finance.sina.cn/tech/2026-05-18/detail-inhyhpys0834120.d.html,http://www.qtc.com.cn/flash/177968112432998.html,finance.sina.cn,2026-05-18,2026-05-25
100,法国团队突破性研究：利用量子纠缠实现不透明介质透明化,https://www.cnrs.fr/en/press/rendering-opacity-transparent-through-quantum-entanglement,http://www.qtc.com.cn/article/177959478132893.html,www.cnrs.fr,2026-05-20,2026-05-24
99,Atom Computing与美国商务部签署意向书，欲推动中性原子量子计算商业化,https://atom-computing.com/atom-computing-announces-letter-of-intent-with-u-s-department-of-commerce-for-100-million-to-accelerate-path-to-fault-tolerant-utility-scale-quantum-computing/,http://www.qtc.com.cn/flash/177959622032869.html,atom-computing.com,2026-05-21,2026-05-24
98,美国商务部拟资助PsiQuantum 1亿美元，推动光量子计算核心技术本土化,https://www.psiquantum.com/news-import/us-department-of-commerce,http://www.qtc.com.cn/flash/177959718032870.html,www.psiquantum.com,2026-05-24,2026-05-24
97,Pasqal首次在真实量子处理器上验证逻辑量子比特要显著优于传统方法,https://beian.miit.gov.cn,http://www.qtc.com.cn/flash/177959820032871.html,beian.miit.gov.cn,2026-05-24,2026-05-24
96,格芯成立量子技术解决方案部门，并获美国商务部3.75亿美元拨款,https://gf.com/gf-press-release/globalfoundries-launches-quantum-technology-solutions-to-scale-us-quantum-manufacturing/,http://www.qtc.com.cn/flash/177960222032860.html,gf.com,2026-05-21,2026-05-24
95,英国创新署量子PNT项目第一阶段结束，Xairos助力构建非GNSS授时体系,https://www.businesswire.com/news/home/20260521620579/en/Xairos-Closes-Out-Phase-1-of-the-Innovate-UK-Contracts-for-Innovation-Quantum-Sensors-and-PNT-Missions-Primer,http://www.qtc.com.cn/flash/177960318032859.html,www.businesswire.com,2026-05-24,2026-05-24
94,美国商务部拟向D-Wave提供1亿美元资金支持，助力其发展量子计算技术,https://www.dwavequantum.com/company/newsroom/press-release/d-wave-and-department-of-commerce-sign-letter-of-intent-for-100-million-in-chips-and-science-act-funding/,http://www.qtc.com.cn/flash/177960420032858.html,www.dwavequantum.com,2026-05-24,2026-05-24
93,PacketLight携手Quantum XChange，融合PQC与QKD强化光网络安全,https://www.packetlight.com/about/press-releases/packetlight-partners-with-quantum-xchange-quantum-safe-optical-networking,http://www.qtc.com.cn/flash/177960522032856.html,www.packetlight.com,2026-05-24,2026-05-24
92,Quantinuum将获美联邦资金支持，联手本土供应商开发容错型离子阱量子计算机,https://www.quantinuum.com/press-releases/quantinuum-and-bp-collaborate-towards-solving-fundamental-wave-physics-challenges-with-quantum-computing,http://www.qtc.com.cn/flash/177960618032850.html,www.quantinuum.com,2026-05-24,2026-05-24
91,Superpositions Studio推出面向企业的量子机器学习平台,https://thequantuminsider.com/2026/05/20/superpositions-studio-general-availability-quantum-ml-platform/,http://www.qtc.com.cn/flash/177960822032775.html,thequantuminsider.com,2026-05-20,2026-05-24
90,后量子密码学护航AI机器人：WISeKey推出WISeRobot.ch平台应对量子威胁,https://www.sealsq.com/investors/news-releases/sealsq-and-wisekey-announce-roadmap-and-launch-of-official-website-for-wiserobot.ch-integrating-human-centric-ai-with-post-quantum-securi-1779260403116,http://www.qtc.com.cn/flash/177960918032774.html,www.sealsq.com,2026-05-20,2026-05-24
89,量子计算先驱Seth Lloyd加入Planckian，助力其全局控制量子纠错策略研发,https://thequantuminsider.com/2026/05/14/planckian-welcomes-seth-lloyd-founding-fellow/,http://www.qtc.com.cn/flash/177961020032427.html,thequantuminsider.com,2026-05-14,2026-05-24
88,Quantinuum与美国商务部签署意向书，将加速美国在量子计算领域的领先地位,https://www.quantinuum.com/press-releases/quantinuum-enters-into-letter-of-intent-with-the-us-department-of-commerce-for-funding-opportunity-to-accelerate-us-leadership-in-quantum-computing,http://www.qtc.com.cn/article/177951502132878.html,www.quantinuum.com,2026-05-23,2026-05-23
87,Rigetti与美国商务部签署意向书，以相应股权换1亿美元量子研发资金,https://investors.rigetti.com/news-releases/news-release-details/rigetti-signs-letter-intent-us-government-quantum-computing,http://www.qtc.com.cn/article/177951864232880.html,investors.rigetti.com,2026-05-23,2026-05-23
86,Pasqal首次利用中性原子量子计算机演示逻辑比特在求解微分方程方面要强于物理比特,https://www.pasqal.com/newsroom/pasqal-demonstrates-logical-qubits-outperform-physical-qubits-solving-differential-equations-an-industry-first-for-neutral-atom-quantum-computing/,http://www.qtc.com.cn/article/177951492132877.html,www.pasqal.com,2026-05-21,2026-05-23
85,美国政府宣布20亿美元量子计算激励计划，以强化在该领域的领导地位,http://quantumwire.com/article/17794182846462.html,http://www.qtc.com.cn/article/177951684232879.html,quantumwire.com,2026-05-23,2026-05-23
84,七国集团G7央行发布首份量子技术报告,https://www.bancaditalia.it/media/notizia/g7-central-banks-publish-first-report-on-quantum-technologies/?dotcache=refresh,http://www.qtc.com.cn/article/177943524132786.html,www.bancaditalia.it,2026-05-22,2026-05-22
83,Kipu Quantum发布新量子-经典混合框架，推动机器学习模型实现企业级部署,https://kipu-quantum.com/news/quantum-enhanced-ai-production,http://www.qtc.com.cn/article/177943278232788.html,kipu-quantum.com,2026-05-20,2026-05-22
82,中国移动集团密集造访中科酷原，深化量子合作，同筑算力未来,https://cascoldatom.com/news.php,http://www.qtc.com.cn/article/177943200232868.html,cascoldatom.com,2026-05-22,2026-05-22
81,Eurofiber与Colt凭借量子密钥分发创新荣获LCL运营商社区奖,https://www.eurofiber.com/press/eurofiber-and-colt-win-lcl-carrier-community-award-for-innovation-in-quantum-key-distribution/,http://www.qtc.com.cn/article/177943398132787.html,www.eurofiber.com,2026-05-20,2026-05-22
80,美国商务部拟向Infleqtion资助最高1亿美元，以推动中性原子量子系统研发,https://infleqtion.com/infleqtion-signs-letter-of-intent-with-the-u-s-department-of-commerce-for-100-million-to-accelerate-u-s-leadership-in-quantum-computing/,http://www.qtc.com.cn/flash/177942072132867.html,infleqtion.com,2026-05-21,2026-05-22
79,西班牙设立“西班牙量子联盟” 将助力该国在量子技术领域提升影响力,https://qsnp.eu/squa-is-born-the-spanish-association-that-brings-together-the-quantum-technologies-ecosystem/,http://www.qtc.com.cn/flash/177940896732778.html,qsnp.eu,2026-05-20,2026-05-22
78,PsiQuantum在昆士兰州推进全球首台实用级量子计算机项目建设,https://www.psiquantum.com/news-import/psiquantum-unveils-new-australian-site-at-moreton-bay-central,http://www.qtc.com.cn/flash/177940974732854.html,www.psiquantum.com,2026-05-22,2026-05-22
77,Xanadu量子技术公司宣布QROM算法突破，可将Toffoli门数量减半,https://www.prnewswire.com/news-releases/xanadu-breakthrough-lowers-the-cost-of-quantum-applications-302778615.html,http://www.qtc.com.cn/flash/177941141632862.html,www.prnewswire.com,2026-05-21,2026-05-22
76,意大利电信运营商Sparkle借助Equinix扩展量子安全连接能力,https://www.tisparkle.com/media/press-release/sparkle-expands-quantum-safe-connectivity-equinix,http://www.qtc.com.cn/flash/177941256132851.html,www.tisparkle.com,2026-05-22,2026-05-22
75,Quantum X Labs成功将谷歌公开的表面码数据集集成到其量子纠错转换器中,https://www.globenewswire.com/news-release/2026/05/21/3299300/0/en/quantum-x-labs-successfully-integrates-google-s-public-surface-code-dataset-into-its-deep-quantum-error-correction-transformer.html,http://www.qtc.com.cn/flash/177941352432861.html,www.globenewswire.com,2026-05-21,2026-05-22
74,光量子计算公司Xanadu与Yorkville达成3亿美元股权融资计划,https://www.prnewswire.com/news-releases/xanadu-announces-300-million-synthetic-at-the-market-program-302778522.html,http://www.qtc.com.cn/flash/177941478232864.html,www.prnewswire.com,2026-05-21,2026-05-22
73,东芝与Quantum Bridge成功演示基于QKD技术的全球量子安全网络能力,https://www.toshiba.eu/quantum/news/toshiba-europe-limited-and-quantum-bridge-technologies-demonstrate-global-quantum-safe-networking-capability/,http://www.qtc.com.cn/flash/177941592432865.html,www.toshiba.eu,2026-05-22,2026-05-22
72,Diraq将获美国商务部最高3800万美元资金支持，加速推进硅基量子芯片规模化,https://www.globenewswire.com/news-release/2026/05/21/3299238/0/en/Diraq-Signs-38M-Letter-of-Intent-with-the-U-S-Department-of-Commerce-under-CHIPS-Act-to-Scale-Domestic-Quantum-Computing-Processors-Using-Silicon-Spin-Technology.html,http://www.qtc.com.cn/flash/177941832432866.html,www.globenewswire.com,2026-05-21,2026-05-22
71,Infleqtion公布多项量子计算研究进展，持续推进其实用级容错量子计算路线,https://infleqtion.com/infleqtion-strengthens-neutral-atom-quantum-computing-platform-with-new-technical-breakthroughs/,http://www.qtc.com.cn/flash/177941970732855.html,infleqtion.com,2026-05-20,2026-05-22
70,IBM投资10亿美元+10亿CHIPS补贴，成立专注于量子晶圆制造的Anderon公司,https://newsroom.ibm.com/ibm-and-u-s-department-of-commerce-announce-americas-first-purpose-built-quantum-foundry,http://www.qtc.com.cn/flash/177941712732863.html,newsroom.ibm.com,2026-05-22,2026-05-22
69,三井住友银行与东芝公司合作开发出基于先进量子驱动技术的新股票指数,https://www.global.toshiba/ww/news/digitalsolution/2026/05/news-20260520-01.html,http://www.qtc.com.cn/flash/177932958132675.html,www.global.toshiba,2026-05-21,2026-05-21
68,穆迪公司警告称：量子计算威胁将重塑全球数字金融风险,https://thequantuminsider.com/2026/05/20/moodys-report-warns-quantum-threat-could-reshape-digital-finance-risk/,http://www.qtc.com.cn/flash/177933072232776.html,thequantuminsider.com,2026-05-20,2026-05-21
67,Quantum Bridge获得800万美元融资，用于加固全球网络以抵御量子威胁,https://qubridge.io/quantum-bridge-secures-8-million-to-fortify-global-networks-against-quantum-threats/,http://www.qtc.com.cn/flash/177933204132777.html,qubridge.io,2026-05-20,2026-05-21
66,中国科大实现碳化硅氧-空位色心的高效制备与结构识别,https://doi.org/10.1002/adma.73419,http://www.qtc.com.cn/article/177933334632780.html,doi.org,2026-05-21,2026-05-21
65,半导体元件界面工程实现无电压量子电子态双向调控,https://www.ntu.edu.tw/spotlight/2026/2492_20260520.html,http://www.qtc.com.cn/article/177933594432781.html,www.ntu.edu.tw,2026-05-21,2026-05-21
64,瑞典科学家开发的新型芯片可模拟量子系统与周围环境的交互行为,https://via.tt.se/pressmeddelande/4386261/new-chip-offers-way-to-make-use-of-quantum-system-imperfections?publisherId=3236652&lang=en,http://www.qtc.com.cn/flash/177932376132680.html,via.tt.se,2026-05-21,2026-05-21
63,MAQCS项目将实现1000量子比特中性原子计算机与HPC设施集成,https://planqc.eu/technology/maqcs-custom-system,http://www.qtc.com.cn/flash/177932472732455.html,planqc.eu,2023-12-01,2026-05-21
62,西班牙BSC-CNS超算中心已部署并集成一枚35量子比特超导量子芯片,https://www.hpcwire.com/off-the-wire/bsc-expands-its-quantum-computer-capacity-and-consolidates-open-access-infrastructure/,http://www.qtc.com.cn/flash/177932484132679.html,www.hpcwire.com,2026-05-21,2026-05-21
61,HiPEQ项目团队开发出面向量子技术应用的高稳定性微型激光光源,https://www.ilt.fraunhofer.de/en/press/press-releases/2026/5-19-hipeq-crystal-growth-for-quantum-technology.html,http://www.qtc.com.cn/flash/177932604232678.html,www.ilt.fraunhofer.de,2026-05-19,2026-05-21
60,Terra Quantum在马耳他现有电信网络中成功部署其量子密钥分发系统,https://terraquantum.swiss/news/terra-quantum-deploys-quantum-secure-network-link-in-malta/,http://www.qtc.com.cn/flash/177932712232677.html,terraquantum.swiss,2026-05-21,2026-05-21
59,Quantinuum与Synopsys达成战略合作，将推进量子计算在工业设计中的应用,https://www.quantinuum.com/press-releases/quantinuum-announces-collaboration-with-synopsys-toward-advancing-industrial-design-with-quantum-computing,http://www.qtc.com.cn/flash/177932843932676.html,www.quantinuum.com,2026-05-21,2026-05-21
58,欧洲启动TransEuroOGS项目，将在欧盟成员国间建设光学地面站网络,https://www.iof.fraunhofer.de/en/pressrelease/2026/TransEuroOGS-KickOff.html,http://www.qtc.com.cn/flash/177932256732681.html,www.iof.fraunhofer.de,2026-05-19,2026-05-21
56,德国科学家在基于半导体量子点的量子光源研究方面取得重要进展,https://www.squad-germany.de/en/new-article-on-quantum-teleportation-published-2/,http://www.qtc.com.cn/flash/177924762032458.html,www.squad-germany.de,2026-05-14,2026-05-21
53,全球首例：Imec展示采用高数值孔径极紫外光刻技术的量子点量子比特器件,https://www.imec-int.com/en/press/world-first-imec-presents-quantum-dot-qubit-device-using-high-na-euv-lithography,http://www.qtc.com.cn/flash/177924090732453.html,www.imec-int.com,2026-05-21,2026-05-21
49,Q.ANT在人工智能电力需求激增之际，将光子AI计算推向商业化,https://qant.com/news/q-ant-takes-photonic-ai-computing-commercial-as-ais-power-demand-surges/,http://www.qtc.com.cn/flash/177923640032456.html,qant.com,2026-05-19,2026-05-21
48,德累斯顿工业大学正式启用两个新研究实验室 包括一个量子实验室,https://www.squad-germany.de/en/new-quantum-lab-at-tu-dresden/,http://www.qtc.com.cn/flash/177923724832457.html,www.squad-germany.de,2026-05-19,2026-05-21
57,日本研究人员利用反铁磁材料开发出非易失性量子开关器件,https://www.s.u-tokyo.ac.jp/en/press/11143/,http://www.qtc.com.cn/flash/177924666032454.html,www.s.u-tokyo.ac.jp,2026-05-20,2026-05-20
55,复旦大学周洋课题组揭示量子场论中“缺陷”对基态能量与纠缠结构的普适贡献,https://journals.aps.org/prl/abstract/10.1103/fz81-ysss,http://www.qtc.com.cn/article/177925262332529.html,journals.aps.org,2026-05-20,2026-05-20
54,UCSB科学家首次在扭曲二硒化钨超晶格中观测到奇异的中性电荷准粒子,https://news.ucsb.edu/2026/022575/first-time-direct-observation-exotic-charge-neutral-quasiparticles-twisted-tungsten,http://www.qtc.com.cn/flash/177923970732451.html,news.ucsb.edu,2026-05-18,2026-05-20
52,西部数据推出基于后量子密码学技术的升级版Ultrastar硬盘,https://www.westerndigital.com/en-kw/company/newsroom/press-releases/2026/2026-05-18-wd-advances-next-generation-trusted-infrastructure-with-post-quantum-cryptography,http://www.qtc.com.cn/flash/177924204732452.html,www.westerndigital.com,2026-05-20,2026-05-20
51,韩国电信KT宣布今年启动后量子密码试点迁移，将应用于关键国防系统,https://www.telecompaper.com/news/kt-to-deploy-post-quantum-cryptography-across-south-korean-defence-systems--1571452,http://www.qtc.com.cn/flash/177924312732460.html,www.telecompaper.com,2026-05-19,2026-05-20
50,Quantum eMotion与JMEM签署联盟协议，启动后量子安全芯片合作新阶段,https://www.quantumemotion.com/press-release/129/quantum-emotion-and-jmem-tek-sign-consortium-agreement-to-accelerate-quantum-resilient-semiconducto,http://www.qtc.com.cn/flash/177923832432459.html,www.quantumemotion.com,2026-05-19,2026-05-20
47,富士通与东京科学大学设立联合研究基地，推进量子硬件研发与人才培养,https://global.fujitsu/en-global/pr/news/2026/05/15-02,http://www.qtc.com.cn/article/177917238232439.html,global.fujitsu,2026-05-19,2026-05-19
46,九种候选方案晋级后量子密码标准化流程附加数字签名第三轮评选,https://csrc.nist.gov/News/2026/nist-advances-9-candidates-to-the-3rd-round-of-pqc,http://www.qtc.com.cn/article/177917358232438.html,csrc.nist.gov,2026-05-13,2026-05-19
45,Infleqtion报告2026年第一季度营收创纪录，客户需求加速增长,https://infleqtion.com/infleqtion-reports-record-q1-revenue-as-customer-demand-accelerates/,http://www.qtc.com.cn/article/177917482232437.html,infleqtion.com,2026-05-14,2026-05-19
44,科学家描绘出可变革计算技术的材料发展路线图,https://www.uottawa.ca/about-us/news-all/scientists-chart-path-toward-materials-could-transform-computing,http://www.qtc.com.cn/article/177917736332433.html,www.uottawa.ca,2026-05-19,2026-05-19
43,让“光”轻松完成计算任务,https://penntoday.upenn.edu/news/making-light-work-computing,http://www.qtc.com.cn/article/177917838432434.html,penntoday.upenn.edu,2026-04-23,2026-05-19
42,QNu Labs被MarketsandMarkets评为量子密钥分发市场的明星企业,https://www.prnewswire.com/news-releases/qnu-labs-is-recognized-as-a-star-player-in-the-marketsandmarkets-360quadrants-for-the-quantum-key-distribution-qkd-market-302772109.html,http://www.qtc.com.cn/article/177917970232435.html,www.prnewswire.com,2026-05-14,2026-05-19
41,韩国科学家利用二维半导体在室温下实现明亮量子光发射,https://ibs.re.kr/cop/bbs/BBSMSTR_000000000738/selectBoardArticle.do;jsessionid=A737976C75203FB4AD235825DFFF716C?nttId=26633&amp;pageIndex=1&amp;searchCnd=&amp;searchWrd=,http://www.qtc.com.cn/article/177917988232430.html,ibs.re.kr,2026-05-19,2026-05-19
10,量子计算公司Nord Quantique获3000万美元融资，估值约14亿美元,https://thequantuminsider.com/2026/05/15/nord-quantique-reaches-1-4-billion-valuation-in-fidelity-backed-financing/,http://www.qtc.com.cn/flash/177914964832425.html,thequantuminsider.com,2026-05-15,2026-05-19
9,BNB Chain完成加密基础设施升级，引入后量子密码抵御量子计算威胁,https://www.cointrust.com/market-news/bnb-chain-adopts-post-quantum-security-upgrade,http://www.qtc.com.cn/flash/177915060532428.html,www.cointrust.com,2026-05-15,2026-05-19
8,美国能源部发布容错量子计算RFI通知，剑指2028年前部署科学级FTQC系统,https://quantumcomputingreport.com/u-s-department-of-energy-issues-rfi-for-2028-fault-tolerant-quantum-computer/,http://www.qtc.com.cn/flash/177915204732426.html,quantumcomputingreport.com,2026-05-15,2026-05-19
7,印度马哈拉施特拉邦启动量子技术技能发展计划，多方机构参与共建,https://www.hindustantimes.com/cities/pune-news/quantum-tech-training-hub-to-come-up-at-iiser-pune-101778957495435-amp.html,http://www.qtc.com.cn/flash/177915330732429.html,www.hindustantimes.com,2026-05-17,2026-05-19
6,克莱姆森大学获65万美元资助，支持打造可扩展量子计算系统实验室,https://www.scquantum.org/news/clemson-university-advances-quantum-software-research-through-650000-initiative-focused-real,http://www.qtc.com.cn/flash/177915450732441.html,www.scquantum.org,2026-05-19,2026-05-19
5,韩国联合研究团队开发新型量子光源 室温下可发射明亮光信号,https://ibs.re.kr/cop/bbs/BBSMSTR_000000000738/selectBoardArticle.do;jsessionid=A737976C75203FB4AD235825DFFF716C?nttId=26633&pageIndex=1&searchCnd=&searchWrd=,http://www.qtc.com.cn/flash/177915528732442.html,ibs.re.kr,2026-05-19,2026-05-19
4,沙特阿美与Pasqal合作启用沙特首台量子计算机 并推出中东首个QCaaS平台,https://www.pasqal.com/newsroom/aramco-and-pasqal-launch-saudi-arabias-first-quantum-computer-and-middle-easts-first-commercial-quantum-computing-as-a-service-platform/,http://www.qtc.com.cn/flash/177915678432443.html,www.pasqal.com,2026-05-18,2026-05-19
3,伊利诺伊卫斯理大学成立全美首个本科跨学科量子中心,https://www.iwu.edu/news/2026/illinois-wesleyan-announces-interdisciplinary-undergraduate-quantum-science-engineering-center.html,http://www.qtc.com.cn/flash/177915810732444.html,www.iwu.edu,2026-05-14,2026-05-19
2,七国集团警告量子风险：金融安全面临变革，后量子密码成关键防线,https://thequantuminsider.com/2026/05/18/the-good-the-bad-and-the-buggy-g7-paper-outlines-promises-and-threats-of-quantum-tech-for-the-financial-system/,http://www.qtc.com.cn/flash/177915918732445.html,thequantuminsider.com,2026-05-18,2026-05-19
1,Sitehop推出紧凑型后量子加密设备，守护工业与能源网络安全,https://thequantuminsider.com/2026/05/18/sitehop-post-quantum-encryption-pqc-device/,http://www.qtc.com.cn/flash/177916044732446.html,thequantuminsider.com,2026-05-18,2026-05-19
11,量子抗性网络：原语、协议与最佳实践综述,https://arxiv.org/abs/2605.04129,http://www.qtc.com.cn/reference/177907408632412.html,arxiv.org,2026-06-01,2026-05-18
13,量子计算机的能源效率,https://arxiv.org/abs/2605.15090,http://www.qtc.com.cn/reference/177890021032348.html,arxiv.org,2026-06-01,2026-05-16
12,用于集成量子光子学的超导单光子探测器,https://arxiv.org/abs/2605.14829,http://www.qtc.com.cn/reference/177890456632381.html,arxiv.org,2026-06-01,2026-05-16
14,针对实用量子密钥分发的数值安全性分析,https://arxiv.org/abs/2605.12984,http://www.qtc.com.cn/reference/177881433832257.html,arxiv.org,2026-06-01,2026-05-15
16,多比特稳定子读出在双物种里德伯阵列上的实现,https://arxiv.org/abs/2605.10924,http://www.qtc.com.cn/reference/177864285832034.html,arxiv.org,2026-05-13,2026-05-13
15,在 Apple M4 Pro 统一内存架构上进行量子电路模拟时内存层级转换的对照研究,https://arxiv.org/abs/2605.08792,http://www.qtc.com.cn/reference/177864455032105.html,arxiv.org,2026-05-13,2026-05-13
19,澳大利亚实时支付基础设施中的后量子密码迁移：新支付平台的蒙特卡洛模拟研究,https://arxiv.org/abs/2605.00961,http://www.qtc.com.cn/reference/177812190231233.html,arxiv.org,2026-05-07,2026-05-07
18,"跨越12,000原子的异构量子-经典超算界限：蛋白质-配体复合物的量子化学研究",https://arxiv.org/abs/2605.01138,http://www.qtc.com.cn/reference/177812775831420.html,arxiv.org,2026-05-07,2026-05-07
17,使用一个拥有五十万量子比特的模原子处理器分解2048位RSA整数,https://arxiv.org/abs/2605.03951,http://www.qtc.com.cn/reference/177813367431561.html,arxiv.org,2026-05-07,2026-05-07
21,可扩展连续变量量子网络，具备有限大小安全性,https://arxiv.org/abs/2604.27943,http://www.qtc.com.cn/reference/177805280731243.html,arxiv.org,2026-05-06,2026-05-06
20,高速率自由空间连续变量量子密钥分发，采用自参考被动态制备,https://arxiv.org/abs/2604.27299,http://www.qtc.com.cn/reference/177806392231300.html,arxiv.org,2026-05-06,2026-05-06
25,一种制备约瑟夫森结的简易方法,https://arxiv.org/abs/2604.25195,http://www.qtc.com.cn/reference/177751451030981.html,arxiv.org,2026-04-30,2026-04-30
24,半设备无关量子密钥分发,https://arxiv.org/abs/2604.25225,http://www.qtc.com.cn/reference/177752018631024.html,arxiv.org,2026-04-30,2026-04-30
23,组合优化的实验工作流程：迈向量子优势,https://arxiv.org/abs/2604.25162,http://www.qtc.com.cn/reference/177752045031026.html,arxiv.org,2026-04-30,2026-04-30
22,基于氮空位中心的量子随机数生成演示,https://arxiv.org/abs/2604.24870,http://www.qtc.com.cn/reference/177752243031041.html,arxiv.org,2026-04-30,2026-04-30
26,金刚石中NV中心磁场敏感度受光电读出噪声影响研究,https://arxiv.org/abs/2604.20901,http://www.qtc.com.cn/reference/177708977030781.html,arxiv.org,2026-04-25,2026-04-25
27,动态量子电路中学习误差抑制策略,https://arxiv.org/abs/2604.18734,http://www.qtc.com.cn/reference/177691512230578.html,arxiv.org,2026-04-23,2026-04-23
29,单卫星量子中继器性能分析,https://arxiv.org/abs/2604.16165,http://www.qtc.com.cn/reference/177673968230295.html,arxiv.org,2026-04-21,2026-04-21
28,量子抗性量子隐形传态,https://arxiv.org/abs/2604.16101,http://www.qtc.com.cn/reference/177674034230300.html,arxiv.org,2026-04-21,2026-04-21
30,共享量子处理器的三种方式：混合量子-HPC应用的调度策略,https://arxiv.org/abs/2604.14955,http://www.qtc.com.cn/reference/177648259430197.html,arxiv.org,2026-04-18,2026-04-18
31,自旋量子比特理论及可扩展性实现路径,https://arxiv.org/abs/2604.13644,http://www.qtc.com.cn/reference/177639461030080.html,arxiv.org,2026-04-17,2026-04-17
37,基于马约拉纳量子比特的拓扑设备无关量子密钥分发,https://arxiv.org/abs/2604.11442,http://www.qtc.com.cn/reference/177621666229700.html,arxiv.org,2026-04-15,2026-04-15
36,多量子位冰山补丁的逻辑编译,https://arxiv.org/abs/2604.09956,http://www.qtc.com.cn/reference/177621811429711.html,arxiv.org,2026-04-15,2026-04-15
35,适用于金刚石中第四族色心的最优双量子比特门,https://arxiv.org/abs/2604.11340,http://www.qtc.com.cn/reference/177622326229750.html,arxiv.org,2026-04-15,2026-04-15
34,量子计算本科课程,https://arxiv.org/abs/2604.10396,http://www.qtc.com.cn/reference/177622629829773.html,arxiv.org,2026-04-15,2026-04-15
33,时间同步与分发的量子协议：批判性评估,https://arxiv.org/abs/2604.10243,http://www.qtc.com.cn/reference/177622682629777.html,arxiv.org,2026-04-15,2026-04-15
32,高阶压缩态的量子计量优势,https://arxiv.org/abs/2604.09958,http://www.qtc.com.cn/reference/177622788229785.html,arxiv.org,2026-04-15,2026-04-15
39,网络协议栈中消息传输的后量子密码学分析,https://arxiv.org/abs/2604.08480,http://www.qtc.com.cn/reference/177612978129610.html,arxiv.org,2026-04-14,2026-04-14
38,硬件高效的基于超导Transmon Qutrit的纠错量子比特,https://arxiv.org/abs/2604.08672,http://www.qtc.com.cn/reference/177613065829625.html,arxiv.org,2026-04-14,2026-04-14
40,指数级量子优势在处理海量经典数据中的应用,https://arxiv.org/abs/2604.07639,http://www.qtc.com.cn/reference/177587753029569.html,arxiv.org,2026-04-11,2026-04-11
